<?xml version="1.0" encoding="utf-8"?>
<odoo>
    <!-- Scheduled Action: Sync Scheduler Settings to Supabase -->
    <record id="ir_cron_sync_scheduler_settings" model="ir.cron">
        <field name="name">Sync Scheduler Settings to Supabase</field>
        <field name="model_id" ref="model_scheduler_settings"/>
        <field name="state">code</field>
        <field name="code">model.sync_to_supabase()</field>
        <field name="interval_number">5</field>
        <field name="interval_type">minutes</field>
        <field name="numbercall">-1</field>
        <field name="active" eval="True"/>
        <field name="doall" eval="False"/>
    </record>

    <!-- Scheduled Action: Run Queue Worker (Offline Uploads & Retries) -->
    <record id="ir_cron_run_queue_worker" model="ir.cron">
        <field name="name">Run Queue Worker</field>
        <field name="model_id" ref="model_scheduler_settings"/>
        <field name="state">code</field>
        <field name="code">model.run_queue_worker_job()</field>
        <field name="interval_number">5</field>
        <field name="interval_type">minutes</field>
        <field name="numbercall">-1</field>
        <field name="active" eval="True"/>
        <field name="doall" eval="False"/>
    </record>

    <!-- Scheduled Action: Run TikTok Scraper -->
    <record id="ir_cron_run_tiktok_scraper" model="ir.cron">
        <field name="name">Run TikTok Scraper</field>
        <field name="model_id" ref="model_scheduler_settings"/>
        <field name="state">code</field>
        <field name="code">model.run_scraper_job('tiktok')</field>
        <field name="interval_number">3</field>
        <field name="interval_type">hours</field>
        <field name="numbercall">-1</field>
        <field name="active" eval="True"/>
        <field name="doall" eval="False"/>
        <field name="priority">5</field>
    </record>

    <!-- Scheduled Action: Run Instagram Scraper -->
    <record id="ir_cron_run_instagram_scraper" model="ir.cron">
        <field name="name">Run Instagram Scraper</field>
        <field name="model_id" ref="model_scheduler_settings"/>
        <field name="state">code</field>
        <field name="code">model.run_scraper_job('instagram')</field>
        <field name="interval_number">3</field>
        <field name="interval_type">hours</field>
        <field name="numbercall">-1</field>
        <field name="active" eval="False"/>
        <field name="doall" eval="False"/>
        <field name="priority">5</field>
    </record>

    <!-- Scheduled Action: Update Cron Intervals from Settings -->
    <record id="ir_cron_update_intervals" model="ir.cron">
        <field name="name">Update Scraper Cron Intervals</field>
        <field name="model_id" ref="model_scheduler_settings"/>
        <field name="state">code</field>
        <field name="code">model.update_cron_intervals()</field>
        <field name="interval_number">10</field>
        <field name="interval_type">minutes</field>
        <field name="numbercall">-1</field>
        <field name="active" eval="True"/>
        <field name="doall" eval="False"/>
    </record>
</odoo>
